provider (API),zmienna,n_api,n_era5,pokrycie%,dorobione%,bias,MAE,RMSE,corr,%zawyż,%zaniż
metno,temperature_2m,8,8.0,100.0,0.0,10.4445,10.4445,12.87673245625613,-0.2975166815491433,100.0,0.0
metno,wind_direction_100m,8,8.0,100.0,0.0,34.15237500000001,157.13237500000002,157.4914618276972,-0.05184720912273186,62.5,37.5
metno,wind_speed_100m,8,8.0,100.0,0.0,-0.41603309332543387,2.7848282233231862,2.83115916081945,-0.7873553679280554,50.0,50.0
openmeteo,precipitation,72,48.0,66.66666666666667,0.0,-0.030125,0.030125000000000002,0.10779552402581473,,0.0,10.416666666666668
openmeteo,temperature_2m,72,48.0,66.66666666666667,0.0,10.927375,10.955041666666666,13.205475622508514,-0.40240934514818777,93.75,6.25
openmeteo,wind_direction_100m,72,48.0,66.66666666666667,0.0,89.64566666666667,146.77395833333333,148.84412386985028,-0.044077197419452346,83.33333333333334,16.666666666666664
openmeteo,wind_speed_100m,72,48.0,66.66666666666667,0.0,15.729583333333332,15.729583333333332,19.35046049193662,-0.6034888876058788,100.0,0.0
visualcrossing,precipitation,48,48.0,100.0,0.0,-0.030125,0.030125000000000002,0.10779552402581473,,0.0,10.416666666666668
visualcrossing,temperature_2m,48,48.0,100.0,0.0,10.702374999999998,10.731166666666667,12.917394077367153,-0.39794331373558867,95.83333333333334,4.166666666666666
visualcrossing,wind_direction_100m,48,48.0,100.0,0.0,88.88733333333333,145.81562499999998,147.9411768172855,-0.08877925696756098,83.33333333333334,16.666666666666664
visualcrossing,wind_speed_100m,48,48.0,100.0,0.0,1.4234618038672213,3.475870235746298,4.293603947324522,-0.6430870895835163,50.0,50.0
