provider (API),zmienna,n_api,n_era5,pokrycie%,dorobione%,bias,MAE,RMSE,corr,%zawyż,%zaniż
metno,temperature_2m,8,8.0,100.0,0.0,-0.3304999999999998,3.9567500000000004,4.143762028640158,0.3290512988642383,50.0,50.0
metno,wind_direction_100m,8,8.0,100.0,0.0,45.739875,61.225625,82.33160494989151,0.40881926015018094,87.5,12.5
metno,wind_speed_100m,8,8.0,100.0,0.0,-2.5009620401454637,2.7444276977751447,3.1157557047902493,-0.08418825480679326,12.5,87.5
openmeteo,precipitation,72,48.0,66.66666666666667,0.0,0.044875000000000005,0.09845833333333333,0.18784712312587243,-0.11055358488521863,25.0,8.333333333333332
openmeteo,temperature_2m,72,48.0,66.66666666666667,0.0,-0.46220833333333333,4.331875000000001,4.927677673103224,0.015110565629959142,47.91666666666667,52.083333333333336
openmeteo,wind_direction_100m,72,48.0,66.66666666666667,0.0,46.104000000000006,87.23554166666668,96.69846389119459,0.4015190094979456,79.16666666666666,20.833333333333336
openmeteo,wind_speed_100m,72,48.0,66.66666666666667,0.0,2.9275,3.417125,4.303022242176615,0.47108897652269793,83.33333333333334,16.666666666666664
visualcrossing,precipitation,48,48.0,100.0,0.0,-0.030125,0.030125000000000002,0.10779552402581473,,0.0,10.416666666666668
visualcrossing,temperature_2m,48,48.0,100.0,0.0,-4.505958333333333,5.6035416666666675,6.950210050782638,0.12413599502869649,25.0,75.0
visualcrossing,wind_direction_100m,48,48.0,100.0,0.0,-59.252250000000004,96.30683333333333,111.7672125360713,0.4326110591498217,18.75,81.25
visualcrossing,wind_speed_100m,48,48.0,100.0,0.0,-2.7833971436130085,2.969096546315402,3.544455585193436,-0.7500485472909252,16.666666666666664,83.33333333333334
